-- MySQL dump 10.13  Distrib 5.7.9, for Win64 (x86_64)
--
-- Host: localhost    Database: golden_72_hours_db
-- ------------------------------------------------------
-- Server version	5.7.26-log

/*!40101 SET @OLD_CHARACTER_SET_CLIENT=@@CHARACTER_SET_CLIENT */;
/*!40101 SET @OLD_CHARACTER_SET_RESULTS=@@CHARACTER_SET_RESULTS */;
/*!40101 SET @OLD_COLLATION_CONNECTION=@@COLLATION_CONNECTION */;
/*!40101 SET NAMES utf8 */;
/*!40103 SET @OLD_TIME_ZONE=@@TIME_ZONE */;
/*!40103 SET TIME_ZONE='+00:00' */;
/*!40014 SET @OLD_UNIQUE_CHECKS=@@UNIQUE_CHECKS, UNIQUE_CHECKS=0 */;
/*!40014 SET @OLD_FOREIGN_KEY_CHECKS=@@FOREIGN_KEY_CHECKS, FOREIGN_KEY_CHECKS=0 */;
/*!40101 SET @OLD_SQL_MODE=@@SQL_MODE, SQL_MODE='NO_AUTO_VALUE_ON_ZERO' */;
/*!40111 SET @OLD_SQL_NOTES=@@SQL_NOTES, SQL_NOTES=0 */;

--
-- Table structure for table `information_about_the_trapped_person`
--

DROP TABLE IF EXISTS `information_about_the_trapped_person`;
/*!40101 SET @saved_cs_client     = @@character_set_client */;
/*!40101 SET character_set_client = utf8 */;
CREATE TABLE `information_about_the_trapped_person` (
  `serial_number` int(11) NOT NULL,
  `name` varchar(45) DEFAULT NULL,
  `age` int(11) DEFAULT NULL,
  `sex` varchar(45) DEFAULT NULL,
  `location` varchar(100) DEFAULT NULL,
  `statement` varchar(100) DEFAULT NULL,
  `else` varchar(45) DEFAULT NULL,
  PRIMARY KEY (`serial_number`)
) ENGINE=InnoDB DEFAULT CHARSET=gb2312;
/*!40101 SET character_set_client = @saved_cs_client */;

--
-- Dumping data for table `information_about_the_trapped_person`
--

LOCK TABLES `information_about_the_trapped_person` WRITE;
/*!40000 ALTER TABLE `information_about_the_trapped_person` DISABLE KEYS */;
INSERT INTO `information_about_the_trapped_person` VALUES (1,'李海波',33,'男','郑州市厚山深林公园','物资缺乏',''),(2,'小赵',17,'男','郑州市沟赵职业技术学院','洪涝被困',''),(3,'小磊',18,'男','郑州市西郊国立公园','大雾被困在山中',''),(4,'小雷',19,'男','郑州市眉湖公园','不慎跌入水中',''),(5,'小蕾',20,'女','郑州市厚山深林公园','被毒蛇咬伤',''),(6,'小于',50,'女','郑州市科学大道雪松路','不慎跌倒',''),(7,'小明',12,'男','郑州市国棉三厂家属院','物资缺乏',''),(8,'小魏',20,'女','郑州市地铁1号线秦岭路站物资缺乏','',''),(9,'小黄',33,'女','郑州市科学大道金梭路','通讯中断',''),(10,'小邓',42,'男','郑州市科学大道雪松路','急需急救',''),(11,'李刚',43,'男','洛阳市理工学院南门','洪涝被困',''),(12,'王小',33,'女','洛阳市龙门石窟景区','通讯中断',''),(13,'崔鑫',26,'男','洛阳市白马寺景区','通讯中断',''),(15,'彭于',33,'男','洛阳市洛龙路','洪涝被困',''),(16,'刘锡',10,'男','平顶山市永安区 ','火灾被困家中',''),(17,'王猛',16,'男','郑州市金水区','涝灾被困',''),(18,'刘涛',45,'女','郑州市二七区二七广场','高层跌落',''),(19,'李峰',37,'男','郑州市科学大道雪松路','通讯中断',''),(20,'彭楚',23,'女','郑州市金水区','通讯中断',''),(21,'刘耀',15,'女','郑州市二七区','物资缺乏',''),(22,'田都',20,'女','平顶山市永安区 ','洪涝被困',''),(23,'曹舒',20,'男','平顶山市永安区 ','洪涝被困',''),(24,'金明',55,'男','平顶山市郏县山河街道','不慎跌倒',''),(25,'郑浩',13,'男','平顶山市郏县山河街道','火灾被困家中',''),(26,'李峰',55,'男','安阳市红旗路街道','洪涝被困',''),(27,'刘谦',23,'男','安阳市中华路','物资缺乏',''),(28,'张涛',27,'男','安阳市文昌大道','洪涝被困',''),(29,'王强',19,'男','安阳市人民大道','火灾被困',''),(30,'李磊',35,'男','安阳市黄河大道','洪涝被困','');
/*!40000 ALTER TABLE `information_about_the_trapped_person` ENABLE KEYS */;
UNLOCK TABLES;

--
-- Table structure for table `information_on_rescue_workers`
--

DROP TABLE IF EXISTS `information_on_rescue_workers`;
/*!40101 SET @saved_cs_client     = @@character_set_client */;
/*!40101 SET character_set_client = utf8 */;
CREATE TABLE `information_on_rescue_workers` (
  `serial_number` int(11) NOT NULL,
  `name` varchar(45) DEFAULT NULL,
  `age` varchar(45) DEFAULT NULL,
  `sex` varchar(45) DEFAULT NULL,
  `birthday` varchar(45) DEFAULT NULL,
  `teamname` varchar(45) DEFAULT NULL,
  `long` varchar(45) DEFAULT NULL,
  `policy` varchar(45) DEFAULT NULL,
  `ID` varchar(45) DEFAULT NULL,
  `tel` varchar(45) DEFAULT NULL,
  `familyname` varchar(45) DEFAULT NULL,
  `familytel` varchar(20) DEFAULT NULL,
  `specity` varchar(45) DEFAULT NULL,
  `address` varchar(45) DEFAULT NULL,
  `remark` varchar(45) DEFAULT NULL,
  PRIMARY KEY (`serial_number`)
) ENGINE=InnoDB DEFAULT CHARSET=gb2312;
/*!40101 SET character_set_client = @saved_cs_client */;

--
-- Dumping data for table `information_on_rescue_workers`
--

LOCK TABLES `information_on_rescue_workers` WRITE;
/*!40000 ALTER TABLE `information_on_rescue_workers` DISABLE KEYS */;
INSERT INTO `information_on_rescue_workers` VALUES (1,'王刚','20','男','2001.1.4','洛阳市蓝天救援队','1年','群众','410300200101040021','13565478898','李刚','13566785567','消防救援','洛阳市恒大绿洲','无'),(2,'李平平','30','男','1991.3.8','洛阳市蓝天救援队','5年','党员','410302199103080023','15466543322','张小小','15466345576','消防救援','洛阳市佳鑫小区','无'),(3,'崔小金','33','男','1988.4.6','洛阳市神龙救援队','6年','党员','410303198804063423','16745563376','王红','16745324433','水上救援','洛阳市欧洲印象小区','无'),(4,'张华','30','女','1991.4.9','洛阳市神鹰救援队','2年','群众','410300199104094320','15688546689','王兵','13765445667','医疗救援','洛阳市佳乐小区','无'),(5,'李丽','40','女','1981.7.15','洛阳市神鹰救援队','5年','群众','410300198107156556','15564739989','陈晨','13657887655','医疗救援','洛阳市美和小区','无'),(6,'李梅梅','35','女','1986','平顶山市永安应急救援队','5年','群众','500208198608260083','18724563616','李强','18999977883','沟通能力强','平顶山市爱心家属院','无'),(7,'张丹丹','30','女','1991','平顶山市永安应急救援队','3年','党员','376820913730998789','18725378912','张奥特','19726887655','思维快','平顶山市美美家小区','无'),(8,'孙圆圆','28','女','1993','平顶山市永安应急救援队','1年','党员','397834763746328728','16349897372','孙方方','15239438438','人脉广','平顶山市馨和园小区','无'),(9,'吴壮壮','40','男','1981','救援协会郏县应急队','5年','党员','326743463754273541','18623242489','陈瘦瘦','13657888645','消防救援','平顶山市郏县吴家村','无'),(10,'谢芳芳','40','男','1981','救援协会郏县应急队','5年','群众','412893748937237684','18675432489','林嘻嘻','18618878955','医疗救援','平顶山市郏县家和小区','无'),(11,'刘玉天','21','男','2000.03.04','郑州市红十字水上义务救援队','1年','群众','410108200003041753','13345768921','刘玉方','13645782319','水上救援','郑州市怡家怡居小区','无'),(12,'王二麻','21','男','2000.01.12','郑州市红十字水上义务救援队','1年','群众','410107200001120117','1360000412','王忠','13348671435','水上救援','郑州市怡鑫家苑','无'),(13,'张震','45','男','1976.1.1','郑州市红十字蓝天应急救援队','2年','群众','410114197301013156','1391145232','李特曼','15578934056','医疗救援','郑州市金水院落','无'),(14,'李木子','30','女','1991.8.9','河南省应急救援协会','3年','群众','410122199108091423','1807964253','刘纯天','15574563812','医疗救援','郑州市二七之家','无'),(15,'李善良','26','女','1995','郑州市金水区红十字蓝天应急救援队','2年','党员','410122199502011311','1989060400','宋增辉','13398880632','沟通能力强','','无'),(16,'李华','38','男','1985','郑州市金水区红十字蓝天应急救援队','5年','群众','410132198504221566','18966344587','李晓霞','18950331864','应急响应能力强','郑州市金水之家','无'),(17,'张天泽','23','男','1998.07.05','河南省应急救援队','3年','党员','410156199807052134','159456783','张天刘','188423167','医疗救援','郑州市金水之家','无'),(18,'黄华英','22','女','1994','洛阳市神鹰救援队','2年','党员','410203899965432122','89562230','黄琳','18523696333','紧急医疗救援','郑州市金水之家','无'),(19,'赵依依','33','女','1988','郑州市金水区红十字蓝天应急救援队','3年','群众','410156199807052184','18156678926','赵雷','18150666318','物流运输','郑州市惠济之家','无'),(20,'赵雷恩','28','男','1988','救援协会郏县应急队','1年','群众','410156199807089184','18156678927','赵聪','15199925369','物流运输','郑州市金水之家','无'),(21,'连聪聪','35','女','1985','河南省应急救援协会','8年','党员','410156198507089184','15958866168','连诗','18156699722','医疗救援','郑州市二七之家','无'),(22,'刘兴','50','男','1971','开封市蓝天救援队','10年','党员','410208197103230012','17699239193','刘民富','19965848843','协调指挥','开封市橄榄城小区','无'),(23,'王朗','44','男','1977','开封市蓝天救援队','6年','群众','422212197702212353','18753216832','李明丽','18632258643','消防救援','开封市橄榄城小区','无'),(24,'李程程','32','女','1989','开封市蓝天救援队','2年','党员','421222198902102946','13475332298','刘涛','13566678994','物流运输','开封市开祥小区','无'),(25,'向博涛','22','男','1999','开封市无线电协会应急通信大队','8年','群众','412234199908232532','13234568234','李文','13455589943','通信支援','开封市园林小区','无'),(26,'李自立','28','男','1993','开封市红豹救援队','3年','群众','402342199304213452','13543228814','刘欣欣','13855527529','救援水平高','开封市滨湖小区','无'),(27,'王强','31','男','1990.8','安阳市红旗渠应急救援中心','3年','群众','410500199008243951','18567767858','王杰','13605387965','协调指挥','安阳市苹果园小区','无'),(28,'张浩','26','男','1995.11','安阳市红旗渠应急救援中心','5年','群众','410500199511295793','18562768628','程强强','18638378973','医疗救援','安阳市碧桂园','无'),(29,'李发财','24','男','1997.9','安阳市内黄县枣乡应急救援中心','1年','群众','410500199709235579','13603461987','刘军','18567932810','消防救援','安阳市万达华府小区','无'),(30,'张伟','33','男','1988.7','安阳市林州市蓝天救援队','4年','党员','410500198807125537','13605661585','王开放','13677893210','消防救援','安阳市中华世纪城','无'),(31,'刘建','27','男','1994.4','安阳市林州市蓝天救援队','2年','群众','410500199404095537','18637288000','张大大','18637023896','物流运输','安阳市桃子园小区','无');
/*!40000 ALTER TABLE `information_on_rescue_workers` ENABLE KEYS */;
UNLOCK TABLES;

--
-- Table structure for table `rescueteam_information`
--

DROP TABLE IF EXISTS `rescueteam_information`;
/*!40101 SET @saved_cs_client     = @@character_set_client */;
/*!40101 SET character_set_client = utf8 */;
CREATE TABLE `rescueteam_information` (
  `SerialNumber` int(11) NOT NULL,
  `IdentificationNumber` varchar(20) NOT NULL,
  `Name` varchar(45) DEFAULT NULL,
  `CompetentAuthorities` varchar(45) DEFAULT NULL,
  `Address` varchar(45) DEFAULT NULL,
  `Longitude` varchar(45) DEFAULT NULL,
  `Latitude` varchar(45) DEFAULT NULL,
  `AdministrativeDivisionCode` varchar(45) DEFAULT NULL,
  `Head` varchar(10) DEFAULT NULL,
  `HeadTel` varchar(16) DEFAULT NULL,
  `EmergencyTel` varchar(16) DEFAULT NULL,
  `Fax` varchar(45) DEFAULT NULL,
  `TotalNumber` varchar(45) DEFAULT NULL,
  `BuildTime` varchar(45) DEFAULT NULL,
  `MainEquipment` varchar(45) DEFAULT NULL,
  `Specialty` varchar(45) DEFAULT NULL,
  `Type` varchar(45) DEFAULT NULL,
  `Remark` varchar(45) DEFAULT NULL,
  PRIMARY KEY (`SerialNumber`)
) ENGINE=InnoDB DEFAULT CHARSET=gb2312;
/*!40101 SET character_set_client = @saved_cs_client */;

--
-- Dumping data for table `rescueteam_information`
--

LOCK TABLES `rescueteam_information` WRITE;
/*!40000 ALTER TABLE `rescueteam_information` DISABLE KEYS */;
INSERT INTO `rescueteam_information` VALUES (1,'52410100396954061N','郑州市红十字水上义务救援队','郑州市民政局','郑州市','东经112_42','北纬34_16','410100','牛振西','139358689902','13086125347','13345278531','20','2005.9','救生衣、皮划艇等','水上救援','水上救援队','无'),(2,'52410105MJY671323P','郑州市金水区红十字蓝天应急救援队','郑州市民政局','郑州市','东经112_42','北纬34_16','410100','李志鹏','138383325253','15048691235','18847612345','65','2021.01.12','搜救车、灭火器等','生产安全事故救援','生产安全事故队','无'),(3,'514100003364271988','河南省应急救援协会','河南省民政厅','郑州市','东经112_42','北纬34_16','410100','陈水全','138383367884','13941125512','15647754671','83','2015.10.29','挖掘机、铲车等','山地救援、道路救援、灾害救援、水上救援等','山地救援队、道路救援队、灾害救援队、水上救援队等','无'),(4,'37811200MJY670349U','平顶山市永安应急救援队_','平顶山市民政局','平顶山市','东经113_16_','北纬113_44_','410102','杜全甫','13949469283','18723553516','18803789668','50','2017.8.14','救生衣、皮划艇、挖掘机','无线电通信','消防救援队','无'),(5,'43888800MJY600349J','救援协会郏县应急队_','平顶山市民政局','平顶山市','东经113_16_','北纬113_44_','410102','何邵舟','13383999505','13627883617','18803789668','50','2017.8.14','救生衣、皮划艇、挖掘机','无线电通信','消防救援队','无'),(6,'43991200MJY600009k','义工联合蓝天救援队_','平顶山市民政局','平顶山市','东经113_16_','北纬113_44_','410102','李伟峰','17335236002','17866543211','18803789668','50','2017.8.14','救生衣、皮划艇、挖掘机','无线电通信','消防救援队','无'),(7,'52410200MJY600349U','开封市蓝天救援队','开封市民政局','开封市','东经113_52_15_-115_15_42_','北纬34_11_45_-35_01_20_','410200','张海祥','13837835001','13837835001','13837835001','50','2021.02.24','救生衣、皮划艇、挖掘机','城市救援','综合救援队','无'),(8,'51410200399498858J','开封市无线电协会应急通信大队','开封市民政局','开封市','东经113_52_15_-115_15_42_','北纬34_11_45_-35_01_20_','410200','康伟','185037818183','185037818183','185037818183','60','2014.04.09','无线电通讯装置','无线电通信','通信救援队','无'),(9,'51410200MJY4897831','开封市应急救援协会红豹救援队','开封市民政局','开封市','东经113_52_15_-115_15_42_','北纬34_11_45_-35_01_20_','410200','李四军','18803789668','18803789668','18803789668','80','2021.07.24','应急救援多种设备','应急救援宣传教育与实时救援','综合救援队','无'),(10,'43561200MJY600349U','洛阳市神龙救援队','洛阳市民政局','洛阳市','东经112_16_-112_37_','北纬34_32_-34_45_','410300','张飞','15672289631','16587908875','66557545','76','2017.8.14','救生衣、皮划艇','水上救援','水上救援队','无'),(11,'52410200MJY600349U','洛阳市蓝天救援队','洛阳市民政局','洛阳市','东经112_16_-112_37_','北纬34_32_-34_45','410300','张海祥','13837835001','15037895567','66435221','78','2020.9.18','灭火器、搜救车、监测预警','消防救援','消防救援队','无'),(12,'30010200MJY600349U','洛阳市神鹰救援队','洛阳市民政局','洛阳市','东经112_16_-112_37_','北纬34_32_-34_45','410300','王勇','15763309875','14456720097','66453111','98','2015.6.23','呼吸机、生命探测仪、流动医疗手术车','医疗救援','医疗救援队','无'),(13,'43991200MJY600008s','平顶山市应急救援协会','平顶山市民政局','平顶山市','东经113_16_','北纬113_44_','410102','王磊','18156699782','18953601578','65478932','15','2011.6','拖车、起重器','山地救援','山地救援队','无'),(14,'52410100397754061N','洛阳市红十字义务救援队','洛阳市民政局','洛阳市','东经112_16_-112_37_','北纬34_32_-34_45','410300','林青','17789566792','17789566792','64564566','22','2015','救生衣、皮划艇','水上救援','水上救援队','无'),(15,'37811200WEE670349U','救援协会郑州市应急队_','郑州市民政局','郑州市','东经112_42_-114_14_','北纬34_16_-34_58_','410100','林琳','18156694711','18156999142','23645656','29','2011','灭火器','生产安全事故救援','生产安全事故队','无'),(16,'52410581MJG079319K','红旗渠应急救援中心','安阳市民政局','安阳市','东经113_37_-114_58_','北纬35_12_-36_22_','410500','杨永峰','18567769958','15890758767','67958907','34','2012.8','呼吸机、生命探测仪、流动医疗手术车','医疗救援','医疗救援队','无'),(17,'52410527MJG0934360','内黄县枣乡应急救援中心','安阳市民政局','安阳市','东经113_37_-114_59_','北纬35_12_-36_23_','410500','朱志刚','15890758666','13603461239','66983721','21','2010.7','救生衣、皮划艇、挖掘机等','水上救援','水上救援队','无'),(18,'52410581MJG0793434','林州市蓝天救援队','安阳市民政局','安阳市','东经113_37_-114_60_','北纬35_12_-36_24_','410500','杨志军','13603461315','18590756958','67540953','29','2011.2','灭火器、消防车','城市救援','消防救援队','无');
/*!40000 ALTER TABLE `rescueteam_information` ENABLE KEYS */;
UNLOCK TABLES;

--
-- Dumping events for database 'golden_72_hours_db'
--

--
-- Dumping routines for database 'golden_72_hours_db'
--
/*!40103 SET TIME_ZONE=@OLD_TIME_ZONE */;

/*!40101 SET SQL_MODE=@OLD_SQL_MODE */;
/*!40014 SET FOREIGN_KEY_CHECKS=@OLD_FOREIGN_KEY_CHECKS */;
/*!40014 SET UNIQUE_CHECKS=@OLD_UNIQUE_CHECKS */;
/*!40101 SET CHARACTER_SET_CLIENT=@OLD_CHARACTER_SET_CLIENT */;
/*!40101 SET CHARACTER_SET_RESULTS=@OLD_CHARACTER_SET_RESULTS */;
/*!40101 SET COLLATION_CONNECTION=@OLD_COLLATION_CONNECTION */;
/*!40111 SET SQL_NOTES=@OLD_SQL_NOTES */;

-- Dump completed on 2021-09-30 11:09:51
